study.name,year,group.name,n,d.pair,t.pair,df.pair,mdif.pair,sdif,stder.pair,mpre,sdpre,mpos,sdpos,r.prepos,rev.sign,rev.group,autoreg,post,control,outcome,time,control_type,measure
Al_Ajmi,2015,NA,25,NA,NA,NA,NA,NA,NA,1.68,1.069,7.4,2.217,NA,NA,NA,NA,1,NA,1,1,1,1
Al_Ajmi,2015,NA,25,NA,NA,NA,NA,NA,NA,1.68,1.069,8.08,1.754,NA,NA,NA,NA,2,NA,1,2,1,1
Al_Ajmi,2015,NA,25,NA,NA,NA,NA,NA,NA,1.44,1.083,1.08,1.115,NA,NA,NA,NA,1,TRUE,1,1,1,1
Al_Ajmi,2015,NA,25,NA,NA,NA,NA,NA,NA,1.44,1.083,1.48,1.085,NA,NA,NA,NA,2,TRUE,1,2,1,1
NA,NA,NA,NA,NA,NA,NA,NA,NA,NA,NA,NA,NA,NA,NA,NA,NA,NA,NA,NA,NA,NA,NA,NA
Al.Ahm_Al.Jar,2015,NA,13,NA,NA,NA,NA,NA,NA,60.348,21.54,74.312,11.36,NA,NA,NA,NA,1,NA,1,1,1,1
Al.Ahm_Al.Jar,2015,NA,13,NA,NA,NA,NA,NA,NA,60.348,21.54,68.874,14.98,NA,NA,NA,NA,2,NA,1,4,1,1
Al.Ahm_Al.Jar,2015,NA,13,NA,NA,NA,NA,NA,NA,82.924,11.38,88.662,11.8,NA,NA,NA,NA,1,NA,1,1,1,1
Al.Ahm_Al.Jar,2015,NA,13,NA,NA,NA,NA,NA,NA,82.924,11.38,90.29,8.4,NA,NA,NA,NA,2,NA,1,4,1,1
Al.Ahm_Al.Jar,2015,NA,13,NA,NA,NA,NA,NA,NA,28.899,13.88,32.521,18.85,NA,NA,NA,NA,1,TRUE,1,1,1,1
Al.Ahm_Al.Jar,2015,NA,13,NA,NA,NA,NA,NA,NA,28.899,13.88,39.895,20.84,NA,NA,NA,NA,2,TRUE,1,4,1,1
NA,NA,NA,NA,NA,NA,NA,NA,NA,NA,NA,NA,NA,NA,NA,NA,NA,NA,NA,NA,NA,NA,NA,NA
Bitc_Knch_a,2008,NA,17,NA,NA,NA,NA,NA,NA,67.59,19.26,82.53,14.33,NA,NA,NA,NA,1,NA,1,1,0,1
Bitc_Knch_a,2008,NA,17,NA,NA,NA,NA,NA,NA,67.59,19.26,82.65,15.47,NA,NA,NA,NA,2,NA,1,4,0,1
Bitc_Knch_a,2008,NA,18,NA,NA,NA,NA,NA,NA,53.11,21.73,77.5,16.07,NA,NA,NA,NA,1,NA,1,1,0,1
Bitc_Knch_a,2008,NA,18,NA,NA,NA,NA,NA,NA,53.11,21.73,76.78,20.67,NA,NA,NA,NA,2,NA,1,4,0,1
Bitc_Knch_a,2008,NA,20,NA,NA,NA,NA,NA,NA,59.35,18.39,81.25,13,NA,NA,NA,NA,1,NA,1,1,0,1
Bitc_Knch_a,2008,NA,20,NA,NA,NA,NA,NA,NA,59.35,18.39,80.05,12.09,NA,NA,NA,NA,2,NA,1,4,0,1
Bitc_Knch_a,2008,NA,20,NA,NA,NA,NA,NA,NA,51.9,28.32,52.75,23.26,NA,NA,NA,NA,1,TRUE,1,1,0,1
Bitc_Knch_a,2008,NA,20,NA,NA,NA,NA,NA,NA,51.9,28.32,63.9,18.89,NA,NA,NA,NA,2,TRUE,1,4,0,1
NA,NA,NA,NA,NA,NA,NA,NA,NA,NA,NA,NA,NA,NA,NA,NA,NA,NA,NA,NA,NA,NA,NA,NA
Bitc_Knch_b,2010,NA,12,NA,NA,NA,NA,NA,NA,87.08,13.22,95.92,5.48,NA,NA,NA,NA,1,NA,1,1,0,1
Bitc_Knch_b,2010,NA,12,NA,NA,NA,NA,NA,NA,87.08,13.22,96.25,4,NA,NA,NA,NA,2,NA,1,4,0,1
Bitc_Knch_b,2010,NA,27,NA,NA,NA,NA,NA,NA,90.59,8.79,93.18,4.71,NA,NA,NA,NA,1,NA,1,1,0,1
Bitc_Knch_b,2010,NA,27,NA,NA,NA,NA,NA,NA,90.59,8.79,92.76,6.8,NA,NA,NA,NA,2,NA,1,4,0,1
Bitc_Knch_b,2010,NA,12,NA,NA,NA,NA,NA,NA,83.08,12.49,94.17,5.15,NA,NA,NA,NA,1,NA,1,1,0,1
Bitc_Knch_b,2010,NA,12,NA,NA,NA,NA,NA,NA,83.08,12.49,95.33,5.09,NA,NA,NA,NA,2,NA,1,4,0,1
Bitc_Knch_b,2010,NA,12,NA,NA,NA,NA,NA,NA,85.58,8.89,86.17,8.08,NA,NA,NA,NA,1,TRUE,1,1,0,1
Bitc_Knch_b,2010,NA,12,NA,NA,NA,NA,NA,NA,85.58,8.89,85.92,11.87,NA,NA,NA,NA,2,TRUE,1,4,0,1
NA,NA,NA,NA,NA,NA,NA,NA,NA,NA,NA,NA,NA,NA,NA,NA,NA,NA,NA,NA,NA,NA,NA,NA
Bitc_Knch_c,2010,NA,13,NA,NA,NA,NA,NA,NA,62.46,11.98,89.23,8.22,NA,NA,NA,NA,1,NA,1,1,0,1
Bitc_Knch_c,2010,NA,13,NA,NA,NA,NA,NA,NA,62.46,11.98,79.61,10.29,NA,NA,NA,NA,2,NA,1,4,0,1
Bitc_Knch_c,2010,NA,13,NA,NA,NA,NA,NA,NA,62.46,11.98,84.31,12.33,NA,NA,NA,NA,3,NA,1,4,0,1
Bitc_Knch_c,2010,NA,13,NA,NA,NA,NA,NA,NA,62.46,11.98,88.38,9.53,NA,NA,NA,NA,4,NA,1,4,0,1
Bitc_Knch_c,2010,NA,13,NA,NA,NA,NA,NA,NA,55.31,20.08,83.77,10.36,NA,NA,NA,NA,1,NA,1,1,0,1
Bitc_Knch_c,2010,NA,13,NA,NA,NA,NA,NA,NA,55.31,20.08,78.46,11.04,NA,NA,NA,NA,2,NA,1,4,0,1
Bitc_Knch_c,2010,NA,13,NA,NA,NA,NA,NA,NA,55.31,20.08,81.69,10.93,NA,NA,NA,NA,3,NA,1,4,0,1
Bitc_Knch_c,2010,NA,13,NA,NA,NA,NA,NA,NA,55.31,20.08,88.77,8.55,NA,NA,NA,NA,4,NA,1,4,0,1
Bitc_Knch_c,2010,NA,13,NA,NA,NA,NA,NA,NA,59.69,20.45,79.15,14.27,NA,NA,NA,NA,1,NA,1,1,0,1
Bitc_Knch_c,2010,NA,13,NA,NA,NA,NA,NA,NA,59.69,20.45,79.84,13.74,NA,NA,NA,NA,2,NA,1,4,0,1
Bitc_Knch_c,2010,NA,13,NA,NA,NA,NA,NA,NA,59.69,20.45,78.31,13.41,NA,NA,NA,NA,3,NA,1,4,0,1
Bitc_Knch_c,2010,NA,13,NA,NA,NA,NA,NA,NA,59.69,20.45,81.46,13.9,NA,NA,NA,NA,4,NA,1,4,0,1
Bitc_Knch_c,2010,NA,13,NA,NA,NA,NA,NA,NA,60.17,17.58,67.08,21.45,NA,NA,NA,NA,1,TRUE,1,1,0,1
Bitc_Knch_c,2010,NA,13,NA,NA,NA,NA,NA,NA,60.17,17.58,56.62,22.29,NA,NA,NA,NA,2,TRUE,1,4,0,1
Bitc_Knch_c,2010,NA,13,NA,NA,NA,NA,NA,NA,60.17,17.58,62.46,18.97,NA,NA,NA,NA,3,TRUE,1,4,0,1
Bitc_Knch_c,2010,NA,13,NA,NA,NA,NA,NA,NA,60.17,17.58,58.92,16.16,NA,NA,NA,NA,4,TRUE,1,4,0,1
NA,NA,NA,NA,NA,NA,NA,NA,NA,NA,NA,NA,NA,NA,NA,NA,NA,NA,NA,NA,NA,NA,NA,NA
Bitc_Yng_Cmrn,2005,NA,19,NA,NA,NA,NA,NA,NA,82.21,7.03,84.79,8.92,NA,NA,NA,NA,1,NA,1,3,1,1
Bitc_Yng_Cmrn,2005,NA,19,NA,NA,NA,NA,NA,NA,91.64,8.66,91.5,11.22,NA,NA,NA,NA,1,NA,2,3,1,2
Bitc_Yng_Cmrn,2005,NA,19,NA,NA,NA,NA,NA,NA,63,37.22,83.93,14.4,NA,NA,NA,NA,1,NA,3,3,1,3
Bitc_Yng_Cmrn,2005,NA,17,NA,NA,NA,NA,NA,NA,83.71,10.56,75.79,10.09,NA,NA,NA,NA,1,NA,1,3,1,1
Bitc_Yng_Cmrn,2005,NA,17,NA,NA,NA,NA,NA,NA,81.07,18.49,77.86,15.91,NA,NA,NA,NA,1,NA,2,3,1,2
Bitc_Yng_Cmrn,2005,NA,17,NA,NA,NA,NA,NA,NA,69.29,30.6,61.93,17.57,NA,NA,NA,NA,1,NA,3,3,1,3
Bitc_Yng_Cmrn,2005,NA,17,NA,NA,NA,NA,NA,NA,80.31,10.64,77.38,7.97,NA,NA,NA,NA,1,TRUE,1,3,1,1
Bitc_Yng_Cmrn,2005,NA,17,NA,NA,NA,NA,NA,NA,75.69,17.14,82.92,11.17,NA,NA,NA,NA,1,TRUE,2,3,1,2
Bitc_Yng_Cmrn,2005,NA,17,NA,NA,NA,NA,NA,NA,55.31,29.15,47.62,25.45,NA,NA,NA,NA,1,TRUE,3,3,1,3
NA,NA,NA,NA,NA,NA,NA,NA,NA,NA,NA,NA,NA,NA,NA,NA,NA,NA,NA,NA,NA,NA,NA,NA
Bonilla.etal,2018,NA,29,NA,NA,NA,NA,NA,NA,0.39,0.25,0.18,0.16,NA,TRUE,NA,NA,1,NA,1,1,2,1
Bonilla.etal,2018,NA,29,NA,NA,NA,NA,NA,NA,0.39,0.25,0.13,0.13,NA,TRUE,NA,NA,2,NA,1,3,2,1
Bonilla.etal,2018,NA,28,NA,NA,NA,NA,NA,NA,0.33,0.24,0.21,0.2,NA,TRUE,NA,NA,1,NA,1,1,2,1
Bonilla.etal,2018,NA,28,NA,NA,NA,NA,NA,NA,0.33,0.24,0.22,0.14,NA,TRUE,NA,NA,2,NA,1,3,2,1
Bonilla.etal,2018,NA,27,NA,NA,NA,NA,NA,NA,0.31,0.26,0.36,0.21,NA,TRUE,NA,NA,1,TRUE,1,1,2,1
Bonilla.etal,2018,NA,27,NA,NA,NA,NA,NA,NA,0.31,0.26,0.39,0.2,NA,TRUE,NA,NA,2,TRUE,1,3,2,1
NA,NA,NA,NA,NA,NA,NA,NA,NA,NA,NA,NA,NA,NA,NA,NA,NA,NA,NA,NA,NA,NA,NA,NA
Brown,2017,NA,41,NA,NA,NA,NA,NA,NA,21.83,14.44,13.46,10.87,NA,TRUE,NA,NA,1,NA,1,2,1,1
Brown,2017,NA,41,NA,NA,NA,NA,NA,NA,21.83,14.44,21.49,14.41,NA,TRUE,NA,NA,2,NA,1,2,1,1
Brown,2017,NA,41,NA,NA,NA,NA,NA,NA,15.13,8.76,13.64,8.58,NA,TRUE,NA,NA,1,NA,2,2,1,2
Brown,2017,NA,41,NA,NA,NA,NA,NA,NA,15.13,8.76,14.74,11.14,NA,TRUE,NA,NA,2,NA,2,2,1,2
Brown,2017,NA,41,NA,NA,NA,NA,NA,NA,6.2,6.35,6.35,4.3,NA,TRUE,NA,NA,1,NA,3,2,1,3
Brown,2017,NA,41,NA,NA,NA,NA,NA,NA,6.2,6.35,7.76,6.09,NA,TRUE,NA,NA,2,NA,3,2,1,3
Brown,2017,NA,41,NA,NA,NA,NA,NA,NA,6.4,4.38,4.95,5.31,NA,TRUE,NA,NA,1,NA,4,2,1,4
Brown,2017,NA,41,NA,NA,NA,NA,NA,NA,6.4,4.38,4.71,4.57,NA,TRUE,NA,NA,2,NA,4,2,1,4
Brown,2017,NA,44,NA,NA,NA,NA,NA,NA,22,14.29,13.43,9.56,NA,TRUE,NA,NA,1,NA,1,2,1,1
Brown,2017,NA,44,NA,NA,NA,NA,NA,NA,22,14.29,20.98,15.95,NA,TRUE,NA,NA,2,NA,1,2,1,1
Brown,2017,NA,44,NA,NA,NA,NA,NA,NA,13.67,8.18,16.95,11.03,NA,TRUE,NA,NA,1,NA,2,2,1,2
Brown,2017,NA,44,NA,NA,NA,NA,NA,NA,13.67,8.18,11.65,7.45,NA,TRUE,NA,NA,2,NA,2,2,1,2
Brown,2017,NA,44,NA,NA,NA,NA,NA,NA,6.5,4.63,7.19,6.01,NA,TRUE,NA,NA,1,NA,3,2,1,3
Brown,2017,NA,44,NA,NA,NA,NA,NA,NA,6.5,4.63,4.15,3.88,NA,TRUE,NA,NA,2,NA,3,2,1,3
Brown,2017,NA,44,NA,NA,NA,NA,NA,NA,4.68,3.74,4.48,4.19,NA,TRUE,NA,NA,1,NA,4,2,1,4
Brown,2017,NA,44,NA,NA,NA,NA,NA,NA,4.68,3.74,3.78,5.43,NA,TRUE,NA,NA,2,NA,4,2,1,4
Brown,2017,NA,42,NA,NA,NA,NA,NA,NA,20.3,14.62,18.58,11.55,NA,TRUE,NA,NA,1,TRUE,1,2,1,1
Brown,2017,NA,42,NA,NA,NA,NA,NA,NA,20.3,14.62,22.62,14.23,NA,TRUE,NA,NA,2,TRUE,1,2,1,1
Brown,2017,NA,42,NA,NA,NA,NA,NA,NA,17.62,11.93,19.94,10.23,NA,TRUE,NA,NA,1,TRUE,2,2,1,2
Brown,2017,NA,42,NA,NA,NA,NA,NA,NA,17.62,11.93,17.46,10.08,NA,TRUE,NA,NA,2,TRUE,2,2,1,2
Brown,2017,NA,42,NA,NA,NA,NA,NA,NA,5.58,4.76,7.85,6.53,NA,TRUE,NA,NA,1,TRUE,3,2,1,3
Brown,2017,NA,42,NA,NA,NA,NA,NA,NA,5.58,4.76,5.87,4.92,NA,TRUE,NA,NA,2,TRUE,3,2,1,3
Brown,2017,NA,42,NA,NA,NA,NA,NA,NA,6.37,7.05,5.62,4.75,NA,TRUE,NA,NA,1,TRUE,4,2,1,4
Brown,2017,NA,42,NA,NA,NA,NA,NA,NA,6.37,7.05,4.45,4.39,NA,TRUE,NA,NA,2,TRUE,4,2,1,4
NA,NA,NA,NA,NA,NA,NA,NA,NA,NA,NA,NA,NA,NA,NA,NA,NA,NA,NA,NA,NA,NA,NA,NA
Diab_a,2015,NA,20,NA,NA,NA,NA,NA,NA,0.31,0.39,0.02,0.06,NA,TRUE,NA,NA,1,NA,1,1,2,1
Diab_a,2015,NA,20,NA,NA,NA,NA,NA,NA,0.31,0.39,0.05,0.08,NA,TRUE,NA,NA,2,NA,1,4,2,1
Diab_a,2015,NA,20,NA,NA,NA,NA,NA,NA,3.54,1.21,1.38,0.89,NA,TRUE,NA,NA,1,NA,2,1,2,2
Diab_a,2015,NA,20,NA,NA,NA,NA,NA,NA,3.54,1.21,1.38,0.55,NA,TRUE,NA,NA,2,NA,2,4,2,2
Diab_a,2015,NA,19,NA,NA,NA,NA,NA,NA,0.16,0.27,0.12,0.19,NA,TRUE,NA,NA,1,NA,1,1,2,1
Diab_a,2015,NA,19,NA,NA,NA,NA,NA,NA,0.16,0.27,0.03,0.06,NA,TRUE,NA,NA,2,NA,1,4,2,1
Diab_a,2015,NA,19,NA,NA,NA,NA,NA,NA,2.85,1.99,1.22,0.43,NA,TRUE,NA,NA,1,NA,2,1,2,2
Diab_a,2015,NA,19,NA,NA,NA,NA,NA,NA,2.85,1.99,1.94,1.12,NA,TRUE,NA,NA,2,NA,2,4,2,2
Diab_a,2015,NA,18,NA,NA,NA,NA,NA,NA,0.23,0.39,0.07,0.12,NA,TRUE,NA,NA,1,TRUE,1,1,2,1
Diab_a,2015,NA,18,NA,NA,NA,NA,NA,NA,0.23,0.39,0.06,0.09,NA,TRUE,NA,NA,2,TRUE,1,4,2,1
Diab_a,2015,NA,18,NA,NA,NA,NA,NA,NA,3.08,1.57,1.53,0.64,NA,TRUE,NA,NA,1,TRUE,2,1,2,2
Diab_a,2015,NA,18,NA,NA,NA,NA,NA,NA,3.08,1.57,1.93,0.61,NA,TRUE,NA,NA,2,TRUE,2,4,2,2
NA,NA,NA,NA,NA,NA,NA,NA,NA,NA,NA,NA,NA,NA,NA,NA,NA,NA,NA,NA,NA,NA,NA,NA
Diab_b,2016,NA,21,NA,NA,NA,NA,NA,NA,0.21,0.28,0.22,0.44,NA,TRUE,NA,NA,1,FALSE,1,1,2,1
Diab_b,2016,NA,21,NA,NA,NA,NA,NA,NA,0.21,0.28,0.08,0.11,NA,TRUE,NA,NA,2,FALSE,1,4,2,1
Diab_b,2016,NA,21,NA,NA,NA,NA,NA,NA,1.61,1.5,0.87,0.82,NA,TRUE,NA,NA,1,FALSE,2,1,2,2
Diab_b,2016,NA,21,NA,NA,NA,NA,NA,NA,1.61,1.5,1.97,1.04,NA,TRUE,NA,NA,2,FALSE,2,4,2,2
Diab_b,2016,NA,16,NA,NA,NA,NA,NA,NA,0.12,0.25,0.15,9.24,NA,TRUE,NA,NA,1,TRUE,1,1,2,1
Diab_b,2016,NA,16,NA,NA,NA,NA,NA,NA,0.12,0.25,0.08,0.11,NA,TRUE,NA,NA,2,TRUE,1,4,2,1
Diab_b,2016,NA,16,NA,NA,NA,NA,NA,NA,1.13,0.92,0.62,0.43,NA,TRUE,NA,NA,1,TRUE,2,1,2,2
Diab_b,2016,NA,16,NA,NA,NA,NA,NA,NA,1.13,0.92,0.84,0.55,NA,TRUE,NA,NA,2,TRUE,2,4,2,2
NA,NA,NA,NA,NA,NA,NA,NA,NA,NA,NA,NA,NA,NA,NA,NA,NA,NA,NA,NA,NA,NA,NA,NA
Dlsk_Krlr,2013,NA,73,NA,NA,NA,NA,NA,NA,81.6,10.8,83.1,11.1,NA,NA,NA,NA,1,FALSE,1,2,0,1
Dlsk_Krlr,2013,NA,66,NA,NA,NA,NA,NA,NA,85.7,13.7,88.8,10.5,NA,NA,NA,NA,1,FALSE,2,2,0,2
Dlsk_Krlr,2013,NA,72,NA,NA,NA,NA,NA,NA,81.4,10.9,85,8.1,NA,NA,NA,NA,1,FALSE,1,2,0,1
Dlsk_Krlr,2013,NA,61,NA,NA,NA,NA,NA,NA,90.4,8.2,91.2,7.6,NA,NA,NA,NA,1,FALSE,2,2,0,2
Dlsk_Krlr,2013,NA,80,NA,NA,NA,NA,NA,NA,80.5,11.2,80.8,10.7,NA,NA,NA,NA,1,TRUE,1,2,0,1
Dlsk_Krlr,2013,NA,74,NA,NA,NA,NA,NA,NA,90.3,6.6,89.6,6.3,NA,NA,NA,NA,1,TRUE,2,2,0,2
NA,NA,NA,NA,NA,NA,NA,NA,NA,NA,NA,NA,NA,NA,NA,NA,NA,NA,NA,NA,NA,NA,NA,NA
Eki_diGnro,2019,NA,22,NA,NA,NA,NA,NA,NA,0.457,0.22,0.62,0.21,NA,TRUE,NA,NA,1,FALSE,1,1,1,1
Eki_diGnro,2019,NA,22,NA,NA,NA,NA,NA,NA,0.457,0.22,0.601,0.18,NA,TRUE,NA,NA,2,FALSE,1,4,1,1
Eki_diGnro,2019,NA,23,NA,NA,NA,NA,NA,NA,0.484,0.17,0.533,0.23,NA,TRUE,NA,NA,1,FALSE,1,1,1,1
Eki_diGnro,2019,NA,23,NA,NA,NA,NA,NA,NA,0.484,0.17,0.57,0.24,NA,TRUE,NA,NA,2,FALSE,1,4,1,1
Eki_diGnro,2019,NA,18,NA,NA,NA,NA,NA,NA,0.497,0.22,0.65,0.18,NA,TRUE,NA,NA,1,TRUE,1,1,1,1
Eki_diGnro,2019,NA,18,NA,NA,NA,NA,NA,NA,0.497,0.22,0.637,0.23,NA,TRUE,NA,NA,2,TRUE,1,4,1,1
NA,NA,NA,NA,NA,NA,NA,NA,NA,NA,NA,NA,NA,NA,NA,NA,NA,NA,NA,NA,NA,NA,NA,NA
Elis_Sh_Mur_Tak,2008,NA,11,NA,NA,NA,NA,NA,NA,0.734,0.076,0.822,0.15,NA,NA,NA,NA,1,FALSE,1,1,1,1
Elis_Sh_Mur_Tak,2008,NA,11,NA,NA,NA,NA,NA,NA,0.734,0.076,0.899,0.076,NA,NA,NA,NA,2,FALSE,1,3,1,1
Elis_Sh_Mur_Tak,2008,NA,13,NA,NA,NA,NA,NA,NA,0.623,0.153,0.829,0.155,NA,NA,NA,NA,1,FALSE,1,1,1,1
Elis_Sh_Mur_Tak,2008,NA,13,NA,NA,NA,NA,NA,NA,0.623,0.153,0.832,0.14,NA,NA,NA,NA,2,FALSE,1,3,1,1
Elis_Sh_Mur_Tak,2008,NA,11,NA,NA,NA,NA,NA,NA,0.588,0.238,0.74,0.218,NA,NA,NA,NA,1,TRUE,1,1,1,1
Elis_Sh_Mur_Tak,2008,NA,11,NA,NA,NA,NA,NA,NA,0.588,0.238,0.663,0.187,NA,NA,NA,NA,2,TRUE,1,3,1,1
NA,NA,NA,NA,NA,NA,NA,NA,NA,NA,NA,NA,NA,NA,NA,NA,NA,NA,NA,NA,NA,NA,NA,NA
Ev_Hart_StngKras,2011,NA,16,NA,NA,NA,NA,NA,NA,0.471,0.112,0.578,0.109,NA,NA,NA,NA,1,FALSE,1,2,1,1
Ev_Hart_StngKras,2011,NA,14,NA,NA,NA,NA,NA,NA,0.514,0.126,0.503,0.194,NA,NA,NA,NA,1,TRUE,1,2,1,1
NA,NA,NA,NA,NA,NA,NA,NA,NA,NA,NA,NA,NA,NA,NA,NA,NA,NA,NA,NA,NA,NA,NA,NA
Fazio,2001,NA,16,NA,NA,NA,NA,NA,NA,0.101,0.047,0.13,0.123,NA,TRUE,NA,NA,1,FALSE,1,2,1,1
Fazio,2001,NA,15,NA,NA,NA,NA,NA,NA,0.098,0.064,0.155,0.098,NA,TRUE,NA,NA,1,FALSE,1,2,1,1
Fazio,2001,NA,15,NA,NA,NA,NA,NA,NA,0.086,0.074,0.095,0.06,NA,TRUE,NA,NA,1,TRUE,1,2,1,1
NA,NA,NA,NA,NA,NA,NA,NA,NA,NA,NA,NA,NA,NA,NA,NA,NA,NA,NA,NA,NA,NA,NA,NA
Frear_Chiu,2016,NA,12,NA,NA,NA,NA,NA,NA,72.38,13.72,86.32,12.05,NA,NA,NA,NA,1,FALSE,1,1,0,1
Frear_Chiu,2016,NA,12,NA,NA,NA,NA,NA,NA,72.38,13.72,84.4,10.09,NA,NA,NA,NA,2,FALSE,1,2,0,1
Frear_Chiu,2016,NA,14,NA,NA,NA,NA,NA,NA,69.84,16.66,87.37,11.67,NA,NA,NA,NA,1,FALSE,1,1,0,1
Frear_Chiu,2016,NA,14,NA,NA,NA,NA,NA,NA,69.84,16.66,83.55,13.18,NA,NA,NA,NA,2,FALSE,1,2,0,1
Frear_Chiu,2016,NA,16,NA,NA,NA,NA,NA,NA,64.1,20.2,65.86,31.09,NA,NA,NA,NA,1,TRUE,1,1,0,1
Frear_Chiu,2016,NA,16,NA,NA,NA,NA,NA,NA,64.1,20.2,62.94,29.32,NA,NA,NA,NA,2,TRUE,1,2,0,1
NA,NA,NA,NA,NA,NA,NA,NA,NA,NA,NA,NA,NA,NA,NA,NA,NA,NA,NA,NA,NA,NA,NA,NA
Guo,2015,NA,25,NA,NA,NA,NA,NA,NA,57.82,18.14,67.79,17.52,NA,NA,NA,NA,1,FALSE,1,1,1,1
Guo,2015,NA,25,NA,NA,NA,NA,NA,NA,57.82,18.14,65.11,17.74,NA,NA,NA,NA,2,FALSE,1,3,1,1
Guo,2015,NA,25,NA,NA,NA,NA,NA,NA,57.82,18.14,72.62,13.72,NA,NA,NA,NA,3,FALSE,1,4,1,1
Guo,2015,NA,24,NA,NA,NA,NA,NA,NA,60.41,16.44,72.96,14.12,NA,NA,NA,NA,1,FALSE,1,1,1,1
Guo,2015,NA,24,NA,NA,NA,NA,NA,NA,60.41,16.44,69.51,15.3,NA,NA,NA,NA,2,FALSE,1,3,1,1
Guo,2015,NA,24,NA,NA,NA,NA,NA,NA,60.41,16.44,64.49,19.08,NA,NA,NA,NA,3,FALSE,1,4,1,1
Guo,2015,NA,24,NA,NA,NA,NA,NA,NA,59.26,18.27,75.4,17.96,NA,NA,NA,NA,1,FALSE,1,1,1,1
Guo,2015,NA,24,NA,NA,NA,NA,NA,NA,59.26,18.27,66.43,18.5,NA,NA,NA,NA,2,FALSE,1,3,1,1
Guo,2015,NA,24,NA,NA,NA,NA,NA,NA,59.26,18.27,72.87,13.94,NA,NA,NA,NA,3,FALSE,1,4,1,1
Guo,2015,NA,24,NA,NA,NA,NA,NA,NA,56.54,17.59,75.08,13.37,NA,NA,NA,NA,1,FALSE,1,1,1,1
Guo,2015,NA,24,NA,NA,NA,NA,NA,NA,56.54,17.59,72.18,16.2,NA,NA,NA,NA,2,FALSE,1,3,1,1
Guo,2015,NA,24,NA,NA,NA,NA,NA,NA,56.54,17.59,68.99,20.02,NA,NA,NA,NA,3,FALSE,1,4,1,1
Guo,2015,NA,23,NA,NA,NA,NA,NA,NA,62.12,19.68,77.1,14.02,NA,NA,NA,NA,1,FALSE,1,1,1,1
Guo,2015,NA,23,NA,NA,NA,NA,NA,NA,62.12,19.68,71.74,15.75,NA,NA,NA,NA,2,FALSE,1,3,1,1
Guo,2015,NA,23,NA,NA,NA,NA,NA,NA,62.12,19.68,75.4,14.73,NA,NA,NA,NA,3,FALSE,1,4,1,1
Guo,2015,NA,27,NA,NA,NA,NA,NA,NA,68.8,14.66,69.81,14.63,NA,NA,NA,NA,2,TRUE,1,1,1,1
Guo,2015,NA,27,NA,NA,NA,NA,NA,NA,68.8,14.66,68.37,16.48,NA,NA,NA,NA,1,TRUE,1,3,1,1
Guo,2015,NA,27,NA,NA,NA,NA,NA,NA,68.8,14.66,69.3,20.15,NA,NA,NA,NA,3,TRUE,1,4,1,1
NA,NA,NA,NA,NA,NA,NA,NA,NA,NA,NA,NA,NA,NA,NA,NA,NA,NA,NA,NA,NA,NA,NA,NA
Hartshorn,2008,NA,28,NA,NA,NA,NA,NA,NA,79.66,16.05,84.81,15.28,NA,NA,NA,NA,1,FALSE,1,2,1,1
Hartshorn,2008,NA,28,NA,NA,NA,NA,NA,NA,71.68,16.79,79.31,15.17,NA,NA,NA,NA,1,FALSE,2,2,1,2
Hartshorn,2008,NA,28,NA,NA,NA,NA,NA,NA,95.8,5.17,97.86,3.05,NA,NA,NA,NA,1,FALSE,3,2,1,3
Hartshorn,2008,NA,28,NA,NA,NA,NA,NA,NA,93.63,6.9,93.31,8.23,NA,NA,NA,NA,1,FALSE,4,2,1,4
Hartshorn,2008,NA,19,NA,NA,NA,NA,NA,NA,86.62,15.05,79.44,17.14,NA,NA,NA,NA,1,TRUE,1,2,1,1
Hartshorn,2008,NA,19,NA,NA,NA,NA,NA,NA,81.23,10,76.84,11.54,NA,NA,NA,NA,1,TRUE,2,2,1,2
Hartshorn,2008,NA,19,NA,NA,NA,NA,NA,NA,96.07,4.58,96.47,3.52,NA,NA,NA,NA,1,TRUE,3,2,1,3
Hartshorn,2008,NA,19,NA,NA,NA,NA,NA,NA,95.31,5.08,96.25,4.68,NA,NA,NA,NA,1,TRUE,4,2,1,4
NA,NA,NA,NA,NA,NA,NA,NA,NA,NA,NA,NA,NA,NA,NA,NA,NA,NA,NA,NA,NA,NA,NA,NA
Harts_Evans,2015,NA,15,NA,NA,NA,NA,NA,NA,0.215,0.124,0.362,0.158,NA,NA,NA,NA,1,FALSE,1,2,0,1
Harts_Evans,2015,NA,12,NA,NA,NA,NA,NA,NA,0.156,0.116,0.164,0.094,NA,NA,NA,NA,1,TRUE,1,2,0,1
NA,NA,NA,NA,NA,NA,NA,NA,NA,NA,NA,NA,NA,NA,NA,NA,NA,NA,NA,NA,NA,NA,NA,NA
Jiang_Xiao,2014,NA,29,NA,NA,NA,NA,NA,NA,0.36,0.14,0.51,0.12,NA,NA,NA,NA,1,FALSE,1,1,0,1
Jiang_Xiao,2014,NA,29,NA,NA,NA,NA,NA,NA,0.36,0.14,0.53,0.09,NA,NA,NA,NA,2,FALSE,1,3,0,1
Jiang_Xiao,2014,NA,31,NA,NA,NA,NA,NA,NA,0.32,0.19,0.46,0.17,NA,NA,NA,NA,1,FALSE,1,1,0,1
Jiang_Xiao,2014,NA,31,NA,NA,NA,NA,NA,NA,0.32,0.19,0.47,0.13,NA,NA,NA,NA,2,FALSE,1,3,0,1
Jiang_Xiao,2014,NA,32,NA,NA,NA,NA,NA,NA,0.35,0.14,0.37,0.1,NA,NA,NA,NA,1,TRUE,1,1,0,1
Jiang_Xiao,2014,NA,32,NA,NA,NA,NA,NA,NA,0.35,0.14,0.37,0.1,NA,NA,NA,NA,2,TRUE,1,3,0,1
NA,NA,NA,NA,NA,NA,NA,NA,NA,NA,NA,NA,NA,NA,NA,NA,NA,NA,NA,NA,NA,NA,NA,NA
Karim_End.,2019,NA,24,NA,NA,NA,NA,NA,NA,32.75,20.68,24.95,16,NA,NA,NA,NA,1,FALSE,1,2,0,1
Karim_End.,2019,NA,24,NA,NA,NA,NA,NA,NA,32.75,20.68,11.5,11.72,NA,NA,NA,NA,2,FALSE,1,3,0,1
Karim_End.,2019,NA,24,NA,NA,NA,NA,NA,NA,32.75,20.68,16.2,14.33,NA,NA,NA,NA,3,FALSE,1,3,0,1
Karim_End.,2019,NA,23,NA,NA,NA,NA,NA,NA,40.95,18.75,18.52,13.18,NA,NA,NA,NA,1,FALSE,1,2,0,1
Karim_End.,2019,NA,23,NA,NA,NA,NA,NA,NA,40.95,18.75,8.65,9.69,NA,NA,NA,NA,2,FALSE,1,3,0,1
Karim_End.,2019,NA,23,NA,NA,NA,NA,NA,NA,40.95,18.75,11.78,20.63,NA,NA,NA,NA,3,FALSE,1,3,0,1
Karim_End.,2019,NA,18,NA,NA,NA,NA,NA,NA,28.22,19.41,35.5,23.73,NA,NA,NA,NA,1,FALSE,1,2,0,1
Karim_End.,2019,NA,18,NA,NA,NA,NA,NA,NA,28.22,19.41,19.88,13.49,NA,NA,NA,NA,2,FALSE,1,3,0,1
Karim_End.,2019,NA,18,NA,NA,NA,NA,NA,NA,28.22,19.41,30.33,18.86,NA,NA,NA,NA,3,FALSE,1,3,0,1
Karim_End.,2019,NA,21,NA,NA,NA,NA,NA,NA,24.52,20.82,24.61,18.79,NA,NA,NA,NA,1,TRUE,1,2,0,1
Karim_End.,2019,NA,21,NA,NA,NA,NA,NA,NA,24.52,20.82,21.23,18.07,NA,NA,NA,NA,2,TRUE,1,3,0,1
Karim_End.,2019,NA,21,NA,NA,NA,NA,NA,NA,24.52,20.82,21.52,17.93,NA,NA,NA,NA,3,TRUE,1,3,0,1
NA,NA,NA,NA,NA,NA,NA,NA,NA,NA,NA,NA,NA,NA,NA,NA,NA,NA,NA,NA,NA,NA,NA,NA
Karim_Nas.,2018,NA,14,NA,NA,NA,0.908,4.12,NA,NA,NA,NA,NA,NA,TRUE,TRUE,NA,1,FALSE,1,2,0,1
Karim_Nas.,2018,NA,13,NA,NA,NA,3.48,6.63,NA,NA,NA,NA,NA,NA,TRUE,TRUE,NA,1,FALSE,1,2,0,1
Karim_Nas.,2018,NA,14,NA,NA,NA,7.49,6.53,NA,NA,NA,NA,NA,NA,TRUE,TRUE,NA,1,FALSE,1,2,0,1
Karim_Nas.,2018,NA,12,NA,NA,NA,2.83,7.14,NA,NA,NA,NA,NA,NA,TRUE,TRUE,NA,1,TRUE,1,2,0,1
NA,NA,NA,NA,NA,NA,NA,NA,NA,NA,NA,NA,NA,NA,NA,NA,NA,NA,NA,NA,NA,NA,NA,NA
Kassim_Ng,2014,NA,30,NA,NA,NA,NA,NA,NA,71.04,9.63,77.8,9.55,NA,NA,NA,NA,1,FALSE,1,1,0,1
Kassim_Ng,2014,NA,30,NA,NA,NA,NA,NA,NA,71.04,9.63,78.27,9.28,NA,NA,NA,NA,2,FALSE,1,4,0,1
Kassim_Ng,2014,NA,30,NA,NA,NA,NA,NA,NA,72.17,9.43,81.77,7.09,NA,NA,NA,NA,1,FALSE,1,1,0,1
Kassim_Ng,2014,NA,30,NA,NA,NA,NA,NA,NA,72.17,9.43,81.3,6.81,NA,NA,NA,NA,2,FALSE,1,4,0,1
Kassim_Ng,2014,NA,30,NA,NA,NA,NA,NA,NA,71.13,9.99,70.37,8.19,NA,NA,NA,NA,1,TRUE,1,1,0,1
Kassim_Ng,2014,NA,30,NA,NA,NA,NA,NA,NA,71.13,9.99,70.2,8.21,NA,NA,NA,NA,2,TRUE,1,4,0,1
NA,NA,NA,NA,NA,NA,NA,NA,NA,NA,NA,NA,NA,NA,NA,NA,NA,NA,NA,NA,NA,NA,NA,NA
Mubarak,2013,NA,17,NA,-4.366,NA,NA,NA,NA,0.395,0.28,0.62,0.237,NA,NA,TRUE,NA,1,NA,1,1,0,1
Mubarak,2013,NA,17,NA,NA,NA,NA,NA,NA,0.395,0.28,0.52,0.205,NA,NA,NA,NA,2,NA,1,4,0,1
Mubarak,2013,NA,17,NA,6.015,NA,NA,NA,NA,0.1,0.046,0.055,0.023,NA,TRUE,TRUE,NA,1,NA,2,1,0,2
Mubarak,2013,NA,17,NA,NA,NA,NA,NA,NA,0.1,0.046,0.062,0.027,NA,NA,NA,NA,2,NA,2,4,0,2
Mubarak,2013,NA,17,NA,-5.245,NA,NA,NA,NA,53.7,24.26,76.05,19.04,NA,NA,TRUE,NA,1,NA,3,1,0,3
Mubarak,2013,NA,17,NA,NA,NA,NA,NA,NA,53.7,24.26,67.17,20.1,NA,NA,NA,NA,2,NA,3,4,0,3
Mubarak,2013,NA,17,NA,-2.055,NA,NA,NA,NA,57.11,23.89,71.76,25.8,NA,NA,TRUE,NA,1,NA,4,1,0,4
Mubarak,2013,NA,17,NA,NA,NA,NA,NA,NA,57.11,23.89,63.76,19.25,NA,NA,NA,NA,2,NA,4,4,0,4
Mubarak,2013,NA,16,NA,-0.839,NA,NA,NA,NA,0.446,0.282,0.499,0.279,NA,NA,TRUE,NA,1,NA,1,1,0,1
Mubarak,2013,NA,16,NA,NA,NA,NA,NA,NA,0.446,0.282,0.513,0.195,NA,NA,NA,NA,2,NA,1,4,0,1
Mubarak,2013,NA,16,NA,7.864,NA,NA,NA,NA,0.105,0.03,0.053,0.026,NA,TRUE,TRUE,NA,1,NA,2,1,0,2
Mubarak,2013,NA,16,NA,NA,NA,NA,NA,NA,0.105,0.03,0.056,0.025,NA,NA,NA,NA,2,NA,2,4,0,2
Mubarak,2013,NA,16,NA,-2.449,NA,NA,NA,NA,63.43,18.5,73.68,15.4,NA,NA,TRUE,NA,1,NA,3,1,0,3
Mubarak,2013,NA,16,NA,NA,NA,NA,NA,NA,63.43,18.5,67.75,14.43,NA,NA,NA,NA,2,NA,3,4,0,3
Mubarak,2013,NA,16,NA,-4.788,NA,NA,NA,NA,55.25,12.67,75.87,18.82,NA,NA,TRUE,NA,1,NA,4,1,0,4
Mubarak,2013,NA,16,NA,NA,NA,NA,NA,NA,55.25,12.67,65.62,9.84,NA,NA,NA,NA,2,NA,4,4,0,4
Mubarak,2013,NA,13,NA,-0.401,NA,NA,NA,NA,0.545,0.272,0.516,0.267,NA,NA,TRUE,NA,1,TRUE,1,1,0,1
Mubarak,2013,NA,13,NA,NA,NA,NA,NA,NA,0.545,0.272,0.436,0.204,NA,NA,NA,NA,2,TRUE,1,4,0,1
Mubarak,2013,NA,13,NA,2.793,NA,NA,NA,NA,0.093,0.032,0.083,0.028,NA,TRUE,TRUE,NA,1,TRUE,2,1,0,2
Mubarak,2013,NA,13,NA,NA,NA,NA,NA,NA,0.093,0.032,0.078,0.032,NA,NA,NA,NA,2,TRUE,2,4,0,2
Mubarak,2013,NA,13,NA,-3.007,NA,NA,NA,NA,59.15,21.59,73.46,17.34,NA,NA,TRUE,NA,1,TRUE,3,1,0,3
Mubarak,2013,NA,13,NA,NA,NA,NA,NA,NA,59.15,21.59,67.07,13.41,NA,NA,NA,NA,2,TRUE,3,4,0,3
Mubarak,2013,NA,13,NA,-2.48,NA,NA,NA,NA,48.23,21.82,64.76,21.43,NA,NA,TRUE,NA,1,TRUE,4,1,0,4
Mubarak,2013,NA,13,NA,NA,NA,NA,NA,NA,48.23,21.82,61,14.66,NA,NA,NA,NA,2,TRUE,4,4,0,4
NA,NA,NA,NA,NA,NA,NA,NA,NA,NA,NA,NA,NA,NA,NA,NA,NA,NA,NA,NA,NA,NA,NA,NA
Munoz,2011,NA,25,NA,NA,NA,NA,NA,NA,13.02,7.62,9.79,7.11,NA,TRUE,NA,NA,1,NA,1,2,1,1
Munoz,2011,NA,22,NA,NA,NA,NA,NA,NA,10.75,5.33,11.51,4.94,NA,TRUE,NA,NA,1,NA,1,2,1,1
Munoz,2011,NA,15,NA,NA,NA,NA,NA,NA,10.76,5.54,10.85,6.13,NA,TRUE,NA,NA,1,TRUE,1,2,1,1
NA,NA,NA,NA,NA,NA,NA,NA,NA,NA,NA,NA,NA,NA,NA,NA,NA,NA,NA,NA,NA,NA,NA,NA
Nakazawa,2006,NA,15,NA,NA,NA,-0.011487,0.0708601,NA,NA,NA,NA,NA,NA,TRUE,TRUE,NA,1,NA,1,4,2,1
Nakazawa,2006,NA,16,NA,NA,NA,-0.051355,0.1973591,NA,NA,NA,NA,NA,NA,TRUE,TRUE,NA,1,NA,1,4,2,1
Nakazawa,2006,NA,17,NA,NA,NA,-0.045599,0.076619,NA,NA,NA,NA,NA,NA,TRUE,TRUE,NA,1,NA,1,4,2,1
Nakazawa,2006,NA,10,NA,NA,NA,-0.048219,0.0569367,NA,NA,NA,NA,NA,NA,TRUE,TRUE,NA,1,TRUE,1,4,2,1
NA,NA,NA,NA,NA,NA,NA,NA,NA,NA,NA,NA,NA,NA,NA,NA,NA,NA,NA,NA,NA,NA,NA,NA
Nemati_etal,2019,NA,27,NA,NA,NA,NA,NA,NA,39.18,4.29,70.33,12.87,NA,NA,NA,NA,1,NA,1,2,2,1
Nemati_etal,2019,NA,27,NA,NA,NA,NA,NA,NA,39.18,4.29,57.59,12.66,NA,NA,NA,NA,2,NA,1,3,2,1
Nemati_etal,2019,NA,29,NA,NA,NA,NA,NA,NA,40.86,5.3,48.24,15.56,NA,NA,NA,NA,1,NA,1,2,2,1
Nemati_etal,2019,NA,29,NA,NA,NA,NA,NA,NA,40.86,5.3,35.48,11.76,NA,NA,NA,NA,2,NA,1,3,2,1
Nemati_etal,2019,NA,31,NA,NA,NA,NA,NA,NA,37.7,5.58,22.87,9.88,NA,NA,NA,NA,1,TRUE,1,2,2,1
Nemati_etal,2019,NA,31,NA,NA,NA,NA,NA,NA,37.7,5.58,16.41,7.47,NA,NA,NA,NA,2,TRUE,1,3,2,1
NA,NA,NA,NA,NA,NA,NA,NA,NA,NA,NA,NA,NA,NA,NA,NA,NA,NA,NA,NA,NA,NA,NA,NA
Nusrat.etal.,2019,NA,25,NA,NA,NA,NA,NA,NA,1.92,0.7,1.96,0.73,NA,TRUE,NA,NA,1,NA,1,1,0,1
Nusrat.etal.,2019,NA,25,NA,NA,NA,NA,NA,NA,1.88,0.67,2.24,0.78,NA,TRUE,NA,NA,1,NA,2,2,0,2
Nusrat.etal.,2019,NA,25,NA,NA,NA,NA,NA,NA,1.56,0.77,0.8,0.5,NA,TRUE,NA,NA,1,NA,3,3,0,3
Nusrat.etal.,2019,NA,25,NA,NA,NA,NA,NA,NA,2,0.5,1.92,0.57,NA,TRUE,NA,NA,1,TRUE,1,1,0,1
Nusrat.etal.,2019,NA,25,NA,NA,NA,NA,NA,NA,1.96,0.68,2.16,0.55,NA,TRUE,NA,NA,1,TRUE,2,2,0,2
Nusrat.etal.,2019,NA,25,NA,NA,NA,NA,NA,NA,1.36,0.57,1.64,1.04,NA,TRUE,NA,NA,1,TRUE,3,3,0,3
NA,NA,NA,NA,NA,NA,NA,NA,NA,NA,NA,NA,NA,NA,NA,NA,NA,NA,NA,NA,NA,NA,NA,NA
Pariyto_Cah.,2016,NA,13,NA,NA,NA,NA,NA,NA,7.52,0.78,8.53,0.71,NA,NA,NA,NA,1,NA,1,1,1,1
Pariyto_Cah.,2016,NA,13,NA,NA,NA,NA,NA,NA,7.52,0.78,7.8,1.04,NA,NA,NA,NA,2,NA,1,3,1,1
Pariyto_Cah.,2016,NA,12,NA,NA,NA,NA,NA,NA,7.61,0.99,7.79,1.17,NA,NA,NA,NA,1,TRUE,1,1,1,1
Pariyto_Cah.,2016,NA,12,NA,NA,NA,NA,NA,NA,7.61,0.99,7.9,1.27,NA,NA,NA,NA,2,TRUE,1,3,1,1
NA,NA,NA,NA,NA,NA,NA,NA,NA,NA,NA,NA,NA,NA,NA,NA,NA,NA,NA,NA,NA,NA,NA,NA
Parreno,2015,NA,18,NA,NA,NA,NA,NA,NA,2.79,2.12,1.83,1.77,NA,TRUE,NA,NA,1,NA,1,2,1,1
Parreno,2015,NA,18,NA,NA,NA,NA,NA,NA,2.07,1.6,2.01,1.98,NA,TRUE,NA,NA,1,NA,2,2,1,2
Parreno,2015,NA,18,NA,NA,NA,NA,NA,NA,1.07,0.71,1.03,0.5,NA,TRUE,NA,NA,1,NA,3,2,1,3
Parreno,2015,NA,18,NA,NA,NA,NA,NA,NA,1.36,0.6,0.91,0.62,NA,TRUE,NA,NA,1,NA,4,2,1,4
Parreno,2015,NA,13,NA,NA,NA,NA,NA,NA,3.26,1.25,3.33,1.58,NA,TRUE,NA,NA,1,NA,1,2,1,1
Parreno,2015,NA,13,NA,NA,NA,NA,NA,NA,2.1,1.66,2.01,1.98,NA,TRUE,NA,NA,1,NA,2,2,1,2
Parreno,2015,NA,13,NA,NA,NA,NA,NA,NA,1.3,0.48,1.15,0.68,NA,TRUE,NA,NA,1,NA,3,2,1,3
Parreno,2015,NA,13,NA,NA,NA,NA,NA,NA,1.4,0.39,0.94,0.61,NA,TRUE,NA,NA,1,NA,4,2,1,4
Parreno,2015,NA,20,NA,NA,NA,NA,NA,NA,3.4,2.19,1.59,1.1,NA,TRUE,NA,NA,1,NA,1,2,1,1
Parreno,2015,NA,20,NA,NA,NA,NA,NA,NA,2.15,1.11,0.52,0.36,NA,TRUE,NA,NA,1,NA,2,2,1,2
Parreno,2015,NA,20,NA,NA,NA,NA,NA,NA,1.24,0.54,0.47,0.38,NA,TRUE,NA,NA,1,NA,3,2,1,3
Parreno,2015,NA,20,NA,NA,NA,NA,NA,NA,1.22,0.43,0.51,0.6,NA,TRUE,NA,NA,1,NA,4,2,1,4
Parreno,2015,NA,17,NA,NA,NA,NA,NA,NA,2.45,1.57,2.45,1.72,NA,TRUE,NA,NA,1,TRUE,2,2,1,2
Parreno,2015,NA,17,NA,NA,NA,NA,NA,NA,1.18,0.91,1.65,1.01,NA,TRUE,NA,NA,1,TRUE,3,2,1,3
Parreno,2015,NA,17,NA,NA,NA,NA,NA,NA,1.53,0.9,1.41,0.65,NA,TRUE,NA,NA,1,TRUE,4,2,1,4
Parreno,2015,NA,17,NA,NA,NA,NA,NA,NA,2.72,1.11,2.49,1.51,NA,TRUE,NA,NA,1,TRUE,1,2,1,1
NA,NA,NA,NA,NA,NA,NA,NA,NA,NA,NA,NA,NA,NA,NA,NA,NA,NA,NA,NA,NA,NA,NA,NA
Pash.,2017,NA,23,NA,NA,NA,NA,NA,NA,17.58,12.53,33.41,15.65,NA,NA,NA,NA,1,NA,1,1,1,1
Pash.,2017,NA,23,NA,NA,NA,NA,NA,NA,17.58,12.53,22.12,8.57,NA,NA,NA,NA,2,NA,1,3,1,1
Pash.,2017,NA,17,NA,NA,NA,NA,NA,NA,16.36,8.51,23.64,17.6,NA,NA,NA,NA,1,NA,1,1,1,1
Pash.,2017,NA,17,NA,NA,NA,NA,NA,NA,16.36,8.51,18.19,9.26,NA,NA,NA,NA,2,NA,1,3,1,1
Pash.,2017,NA,16,NA,NA,NA,NA,NA,NA,13.01,7.44,28.03,14.68,NA,NA,NA,NA,1,NA,1,1,1,1
Pash.,2017,NA,16,NA,NA,NA,NA,NA,NA,13.01,7.44,15.08,7.4,NA,NA,NA,NA,2,NA,1,3,1,1
Pash.,2017,NA,21,NA,NA,NA,NA,NA,NA,14.94,8.69,17.14,7.9,NA,NA,NA,NA,1,TRUE,1,1,1,1
Pash.,2017,NA,21,NA,NA,NA,NA,NA,NA,14.94,8.69,17.42,9.38,NA,NA,NA,NA,2,TRUE,1,3,1,1
NA,NA,NA,NA,NA,NA,NA,NA,NA,NA,NA,NA,NA,NA,NA,NA,NA,NA,NA,NA,NA,NA,NA,NA
Polio_etal,1998,NA,34,NA,NA,NA,NA,NA,NA,0.263,0.14,0.311,0.132,NA,NA,NA,NA,1,NA,1,2,0,1
Polio_etal,1998,NA,34,NA,NA,NA,NA,NA,NA,0.208,0.127,0.249,0.127,NA,NA,NA,NA,1,NA,2,2,0,2
Polio_etal,1998,NA,31,NA,NA,NA,NA,NA,NA,0.254,0.127,0.296,0.171,NA,NA,NA,NA,1,TRUE,1,2,0,1
Polio_etal,1998,NA,31,NA,NA,NA,NA,NA,NA,0.192,0.111,0.235,1.44,NA,NA,NA,NA,1,TRUE,2,2,0,2
NA,NA,NA,NA,NA,NA,NA,NA,NA,NA,NA,NA,NA,NA,NA,NA,NA,NA,NA,NA,NA,NA,NA,NA
Rahimi,2009,NA,32,NA,NA,NA,NA,NA,NA,12.28,9.56,5.6,3.52,NA,TRUE,NA,NA,1,NA,1,3,1,1
Rahimi,2009,NA,27,NA,NA,NA,NA,NA,NA,13.57,9.23,8.32,5.65,NA,TRUE,NA,NA,1,TRUE,1,3,1,1
NA,NA,NA,NA,NA,NA,NA,NA,NA,NA,NA,NA,NA,NA,NA,NA,NA,NA,NA,NA,NA,NA,NA,NA
Rummel_Bitc.,2015,NA,10,NA,NA,NA,NA,NA,NA,85.19,9.22,94.47,8.89,NA,NA,NA,NA,1,NA,1,2,0,1
Rummel_Bitc.,2015,NA,10,NA,NA,NA,NA,NA,NA,85.19,9.22,91.23,8.21,NA,NA,NA,NA,2,NA,1,3,0,1
Rummel_Bitc.,2015,NA,10,NA,NA,NA,NA,NA,NA,83.31,14.24,95.77,5.12,NA,NA,NA,NA,1,NA,1,2,0,1
Rummel_Bitc.,2015,NA,10,NA,NA,NA,NA,NA,NA,83.31,14.24,91.52,10.35,NA,NA,NA,NA,2,NA,1,3,0,1
Rummel_Bitc.,2015,NA,11,NA,NA,NA,NA,NA,NA,84.77,9.12,96.22,6.3,NA,NA,NA,NA,1,NA,1,2,0,1
Rummel_Bitc.,2015,NA,11,NA,NA,NA,NA,NA,NA,84.77,9.12,92.38,8.19,NA,NA,NA,NA,2,NA,1,3,0,1
Rummel_Bitc.,2015,NA,11,NA,NA,NA,NA,NA,NA,90.49,8.94,90.73,5.62,NA,NA,NA,NA,1,TRUE,1,2,0,1
Rummel_Bitc.,2015,NA,11,NA,NA,NA,NA,NA,NA,90.49,8.94,90.91,7.11,NA,NA,NA,NA,2,TRUE,1,3,0,1
NA,NA,NA,NA,NA,NA,NA,NA,NA,NA,NA,NA,NA,NA,NA,NA,NA,NA,NA,NA,NA,NA,NA,NA
Seiff_ElSak,2017,NA,25,NA,23.252,NA,NA,NA,NA,21.6,2.96,36.62,2.19,NA,NA,NA,NA,1,NA,1,2,0,1
Seiff_ElSak,2017,NA,23,NA,2.558,NA,NA,NA,NA,18.84,2.9935,21.24,2.5304,NA,NA,NA,NA,1,TRUE,1,2,0,1
NA,NA,NA,NA,NA,NA,NA,NA,NA,NA,NA,NA,NA,NA,NA,NA,NA,NA,NA,NA,NA,NA,NA,NA
Sheen_a,2007,NA,31,NA,NA,NA,NA,NA,NA,53.1,19.8,66.3,21.4,NA,NA,NA,NA,1,NA,1,1,0,1
Sheen_a,2007,NA,31,NA,NA,NA,NA,NA,NA,53.1,19.8,64.9,19.8,NA,NA,NA,NA,2,NA,1,3,0,1
Sheen_a,2007,NA,32,NA,NA,NA,NA,NA,NA,57.6,21,73.9,19.3,NA,NA,NA,NA,1,NA,1,1,0,1
Sheen_a,2007,NA,32,NA,NA,NA,NA,NA,NA,57.6,21,78.8,18.4,NA,NA,NA,NA,2,NA,1,3,0,1
Sheen_a,2007,NA,28,NA,NA,NA,NA,NA,NA,57.3,21.4,63.9,24.4,NA,NA,NA,NA,1,TRUE,1,1,0,1
Sheen_a,2007,NA,28,NA,NA,NA,NA,NA,NA,57.3,21.4,63.9,22.8,NA,NA,NA,NA,2,TRUE,1,3,0,1
NA,NA,NA,NA,NA,NA,NA,NA,NA,NA,NA,NA,NA,NA,NA,NA,NA,NA,NA,NA,NA,NA,NA,NA
Sheen_b,2010,NA,31,NA,NA,NA,NA,NA,NA,44.1,11.9,58.3,15.3,NA,NA,NA,NA,1,NA,1,1,3,1
Sheen_b,2010,NA,31,NA,NA,NA,NA,NA,NA,44.1,11.9,57.5,14.4,NA,NA,NA,NA,2,NA,1,3,3,1
Sheen_b,2010,NA,32,NA,NA,NA,NA,NA,NA,49.6,16.9,65.4,16.3,NA,NA,NA,NA,1,NA,1,1,3,1
Sheen_b,2010,NA,32,NA,NA,NA,NA,NA,NA,49.6,16.9,69.4,15.3,NA,NA,NA,NA,2,NA,1,3,3,1
Sheen_b,2010,NA,28,NA,NA,NA,NA,NA,NA,48.3,14.2,52.1,15.6,NA,NA,NA,NA,1,TRUE,1,1,3,1
Sheen_b,2010,NA,28,NA,NA,NA,NA,NA,NA,48.3,14.2,51.2,16.2,NA,NA,NA,NA,2,TRUE,1,3,3,1
NA,NA,NA,NA,NA,NA,NA,NA,NA,NA,NA,NA,NA,NA,NA,NA,NA,NA,NA,NA,NA,NA,NA,NA
Sheen_etal,2009,NA,22,NA,NA,NA,NA,NA,NA,60.2,13.1,77.5,13.6,NA,NA,NA,NA,1,NA,1,2,3,1
Sheen_etal,2009,NA,22,NA,NA,NA,NA,NA,NA,60.2,13.1,78,13.9,NA,NA,NA,NA,2,NA,1,3,3,1
Sheen_etal,2009,NA,23,NA,NA,NA,NA,NA,NA,57,14.4,62.7,21.8,NA,NA,NA,NA,1,NA,1,2,3,1
Sheen_etal,2009,NA,23,NA,NA,NA,NA,NA,NA,57,14.4,67,17.7,NA,NA,NA,NA,2,NA,1,3,3,1
Sheen_etal,2009,NA,19,NA,NA,NA,NA,NA,NA,53,14.3,62.8,16,NA,NA,NA,NA,1,TRUE,1,2,3,1
Sheen_etal,2009,NA,19,NA,NA,NA,NA,NA,NA,58.9,13.1,67.2,14.3,NA,NA,NA,NA,2,TRUE,1,3,3,1
Sheen_etal,2009,NA,22,NA,NA,NA,NA,NA,NA,60.2,13.1,77.5,13.6,NA,NA,NA,NA,1,NA,2,2,0,2
Sheen_etal,2009,NA,22,NA,NA,NA,NA,NA,NA,60.2,13.1,78,13.9,NA,NA,NA,NA,2,NA,2,3,0,2
Sheen_etal,2009,NA,23,NA,NA,NA,NA,NA,NA,57,14.4,62.7,21.8,NA,NA,NA,NA,1,NA,2,2,0,2
Sheen_etal,2009,NA,23,NA,NA,NA,NA,NA,NA,57,14.4,67,17.7,NA,NA,NA,NA,2,NA,2,3,0,2
Sheen_etal,2009,NA,16,NA,NA,NA,NA,NA,NA,56.4,14.8,63.3,16.3,NA,NA,NA,NA,1,TRUE,2,2,0,2
Sheen_etal,2009,NA,16,NA,NA,NA,NA,NA,NA,54.7,11.4,71.9,9.01,NA,NA,NA,NA,2,TRUE,2,3,0,2
Sheen_etal,2009,NA,23,NA,NA,NA,NA,NA,NA,55.9,11.9,67.4,13.4,NA,NA,NA,NA,1,NA,3,2,3,3
Sheen_etal,2009,NA,23,NA,NA,NA,NA,NA,NA,55.9,11.9,67.9,11.6,NA,NA,NA,NA,2,NA,3,3,3,3
Sheen_etal,2009,NA,22,NA,NA,NA,NA,NA,NA,59,16.3,75.9,14.9,NA,NA,NA,NA,1,NA,3,2,3,3
Sheen_etal,2009,NA,22,NA,NA,NA,NA,NA,NA,59,16.3,73.4,13,NA,NA,NA,NA,2,NA,3,3,3,3
Sheen_etal,2009,NA,19,NA,NA,NA,NA,NA,NA,53,14.3,62.8,16,NA,NA,NA,NA,1,TRUE,3,2,3,3
Sheen_etal,2009,NA,19,NA,NA,NA,NA,NA,NA,58.9,13.1,67.2,14.3,NA,NA,NA,NA,2,TRUE,3,3,3,3
Sheen_etal,2009,NA,23,NA,NA,NA,NA,NA,NA,55.9,11.9,67.4,13.4,NA,NA,NA,NA,1,NA,4,2,0,4
Sheen_etal,2009,NA,23,NA,NA,NA,NA,NA,NA,55.9,11.9,67.9,11.6,NA,NA,NA,NA,2,NA,4,3,0,4
Sheen_etal,2009,NA,22,NA,NA,NA,NA,NA,NA,59,16.3,75.9,14.9,NA,NA,NA,NA,1,NA,4,2,0,4
Sheen_etal,2009,NA,22,NA,NA,NA,NA,NA,NA,59,16.3,73.4,13,NA,NA,NA,NA,2,NA,4,3,0,4
Sheen_etal,2009,NA,16,NA,NA,NA,NA,NA,NA,56.4,14.8,63.3,16.3,NA,NA,NA,NA,1,TRUE,4,2,0,4
Sheen_etal,2009,NA,16,NA,NA,NA,NA,NA,NA,54.7,11.4,71.9,9.01,NA,NA,NA,NA,2,TRUE,4,3,0,4
NA,NA,NA,NA,NA,NA,NA,NA,NA,NA,NA,NA,NA,NA,NA,NA,NA,NA,NA,NA,NA,NA,NA,NA
Shint_Ellis,2013,NA,13,NA,NA,NA,NA,NA,NA,0.34,0.37,0.72,0.34,NA,NA,NA,NA,1,NA,1,2,0,1
Shint_Ellis,2013,NA,13,NA,NA,NA,NA,NA,NA,0.34,0.37,0.39,0.36,NA,NA,NA,NA,2,NA,1,2,0,1
Shint_Ellis,2013,NA,15,NA,NA,NA,NA,NA,NA,0.37,0.38,0.54,0.36,NA,NA,NA,NA,1,NA,1,2,0,1
Shint_Ellis,2013,NA,15,NA,NA,NA,NA,NA,NA,0.37,0.38,0.49,0.36,NA,NA,NA,NA,2,NA,1,2,0,1
Shint_Ellis,2013,NA,16,NA,NA,NA,NA,NA,NA,0.32,0.37,0.28,0.36,NA,NA,NA,NA,1,TRUE,1,2,0,1
Shint_Ellis,2013,NA,16,NA,NA,NA,NA,NA,NA,0.32,0.37,0.35,0.32,NA,NA,NA,NA,2,TRUE,1,2,0,1
NA,NA,NA,NA,NA,NA,NA,NA,NA,NA,NA,NA,NA,NA,NA,NA,NA,NA,NA,NA,NA,NA,NA,NA
Sob_Taybi,2015,NA,15,NA,-1.59,NA,NA,NA,NA,15.05,2,15.93,1.951,NA,NA,TRUE,NA,1,NA,1,2,0,1
Sob_Taybi,2015,NA,15,NA,-2.29,NA,NA,NA,NA,15.18,1.56,16.21,1.858,NA,NA,TRUE,NA,1,NA,1,2,0,1
Sob_Taybi,2015,NA,15,NA,NA,NA,NA,NA,NA,15.03,1.569,15.25,1.742,NA,NA,NA,NA,1,TRUE,1,2,0,1
NA,NA,NA,NA,NA,NA,NA,NA,NA,NA,NA,NA,NA,NA,NA,NA,NA,NA,NA,NA,NA,NA,NA,NA
Stefan_Revesz,2015,NA,30,NA,NA,NA,NA,NA,NA,3.4,0.89,3.5,1,NA,NA,NA,NA,1,NA,1,1,3,1
Stefan_Revesz,2015,NA,30,NA,NA,NA,NA,NA,NA,3.4,0.89,3.6,0.89,NA,NA,NA,NA,2,NA,1,2,3,1
Stefan_Revesz,2015,NA,30,NA,NA,NA,NA,NA,NA,0.97,1.07,2.93,1.41,NA,NA,NA,NA,1,NA,2,1,3,2
Stefan_Revesz,2015,NA,30,NA,NA,NA,NA,NA,NA,0.97,1.07,3.13,1.43,NA,NA,NA,NA,2,NA,2,2,3,2
Stefan_Revesz,2015,NA,30,NA,NA,NA,NA,NA,NA,2.9,1.27,3.67,0.92,NA,NA,NA,NA,1,NA,1,1,3,1
Stefan_Revesz,2015,NA,30,NA,NA,NA,NA,NA,NA,2.9,1.27,3.83,0.59,NA,NA,NA,NA,2,NA,1,2,3,1
Stefan_Revesz,2015,NA,30,NA,NA,NA,NA,NA,NA,1.13,1.55,3.1,1.47,NA,NA,NA,NA,1,NA,2,1,3,2
Stefan_Revesz,2015,NA,30,NA,NA,NA,NA,NA,NA,1.13,1.55,3.33,1.18,NA,NA,NA,NA,2,NA,2,2,3,2
Stefan_Revesz,2015,NA,29,NA,NA,NA,NA,NA,NA,2.69,1.34,3.38,1.11,NA,NA,NA,NA,1,TRUE,1,1,3,1
Stefan_Revesz,2015,NA,29,NA,NA,NA,NA,NA,NA,2.69,1.34,3.14,1.3,NA,NA,NA,NA,2,TRUE,1,2,3,1
Stefan_Revesz,2015,NA,29,NA,NA,NA,NA,NA,NA,1.72,1.51,1.17,1.6,NA,NA,NA,NA,1,TRUE,2,1,3,2
Stefan_Revesz,2015,NA,29,NA,NA,NA,NA,NA,NA,1.72,1.51,1.48,1.64,NA,NA,NA,NA,2,TRUE,2,2,3,2
NA,NA,NA,NA,NA,NA,NA,NA,NA,NA,NA,NA,NA,NA,NA,NA,NA,NA,NA,NA,NA,NA,NA,NA
Sun,2013,NA,11,NA,NA,NA,NA,NA,NA,0.356987,0.1948038,0.204421,0.1588429,NA,TRUE,NA,NA,1,NA,1,3,1,1
Sun,2013,NA,12,NA,NA,NA,NA,NA,NA,0.26616,0.1615753,0.260022,0.1479377,NA,TRUE,NA,NA,1,NA,1,3,1,1
Sun,2013,NA,10,NA,NA,NA,NA,NA,NA,0.30681,0.1613508,0.287568,0.104496,NA,TRUE,NA,NA,1,TRUE,1,3,1,1
NA,NA,NA,NA,NA,NA,NA,NA,NA,NA,NA,NA,NA,NA,NA,NA,NA,NA,NA,NA,NA,NA,NA,NA
Tanveer.etal,2018,NA,10,NA,NA,NA,NA,NA,NA,10.448,4.53,5.398,1.84396,NA,TRUE,NA,NA,1,NA,1,1,0,1
Tanveer.etal,2018,NA,10,NA,NA,NA,NA,NA,NA,10.448,4.53,6.44,3.4307,NA,TRUE,NA,NA,2,NA,1,2,0,1
Tanveer.etal,2018,NA,10,NA,NA,NA,NA,NA,NA,10.259,1.8556,7.085,3.03298,NA,TRUE,NA,NA,1,NA,1,1,0,1
Tanveer.etal,2018,NA,10,NA,NA,NA,NA,NA,NA,10.259,1.8556,8.596,3.528,NA,TRUE,NA,NA,2,NA,1,2,0,1
Tanveer.etal,2018,NA,10,NA,NA,NA,NA,NA,NA,10.683,3.8566,13.141,5.13784,NA,TRUE,NA,NA,1,TRUE,1,1,0,1
Tanveer.etal,2018,NA,10,NA,NA,NA,NA,NA,NA,10.683,3.8566,16.65,8.03396,NA,TRUE,NA,NA,2,TRUE,1,2,0,1
NA,NA,NA,NA,NA,NA,NA,NA,NA,NA,NA,NA,NA,NA,NA,NA,NA,NA,NA,NA,NA,NA,NA,NA
Trscott_Hsu,2008,NA,21,NA,NA,NA,NA,NA,NA,0.0799,0.0367,0.113,0.0472,NA,TRUE,NA,NA,1,NA,1,2,0,1
Trscott_Hsu,2008,NA,26,NA,NA,NA,NA,NA,NA,0.0763,0.0389,0.1095,0.0537,NA,TRUE,NA,NA,1,TRUE,1,2,0,1
NA,NA,NA,NA,NA,NA,NA,NA,NA,NA,NA,NA,NA,NA,NA,NA,NA,NA,NA,NA,NA,NA,NA,NA
VanBe_Jng_Ken,2008,NA,15,NA,NA,NA,NA,NA,NA,1.63,0.76,1.12,0.74,NA,NA,NA,NA,1,NA,1,2,2,1
VanBe_Jng_Ken,2008,NA,15,NA,NA,NA,NA,NA,NA,1.15,0.53,1.43,0.78,NA,NA,NA,NA,1,NA,1,2,2,1
VanBe_Jng_Ken,2008,NA,19,NA,NA,NA,NA,NA,NA,1.21,0.56,1.32,0.75,NA,NA,NA,NA,1,TRUE,1,2,2,1
VanBe_Jng_Ken,2008,NA,15,NA,NA,NA,NA,NA,NA,1.63,0.76,1.12,0.74,NA,NA,NA,NA,1,NA,2,2,0,2
VanBe_Jng_Ken,2008,NA,15,NA,NA,NA,NA,NA,NA,1.15,0.53,1.43,0.78,NA,NA,NA,NA,1,NA,2,2,0,2
VanBe_Jng_Ken,2008,NA,13,NA,NA,NA,NA,NA,NA,1.53,0.69,1.9,0.59,NA,NA,NA,NA,1,TRUE,2,2,0,2
VanBe_Jng_Ken,2008,NA,18,NA,NA,NA,NA,NA,NA,1.55,0.79,1.11,0.6,NA,NA,NA,NA,1,NA,3,2,2,3
VanBe_Jng_Ken,2008,NA,17,NA,NA,NA,NA,NA,NA,1.24,0.53,1.29,0.43,NA,NA,NA,NA,1,NA,3,2,2,3
VanBe_Jng_Ken,2008,NA,17,NA,NA,NA,NA,NA,NA,1.19,0.6,1.41,0.59,NA,NA,NA,NA,1,TRUE,3,2,2,3
VanBe_Jng_Ken,2008,NA,18,NA,NA,NA,NA,NA,NA,1.55,0.79,1.11,0.6,NA,NA,NA,NA,1,NA,4,2,0,4
VanBe_Jng_Ken,2008,NA,17,NA,NA,NA,NA,NA,NA,1.24,0.53,1.29,0.43,NA,NA,NA,NA,1,NA,4,2,0,4
VanBe_Jng_Ken,2008,NA,14,NA,NA,NA,NA,NA,NA,1.67,0.45,1.76,0.91,NA,NA,NA,NA,1,TRUE,4,2,0,4
NA,NA,NA,NA,NA,NA,NA,NA,NA,NA,NA,NA,NA,NA,NA,NA,NA,NA,NA,NA,NA,NA,NA,NA
VanBe_Jng_KenA,2012,NA,35,NA,NA,NA,NA,NA,NA,0.55,0.31,0.49,0.33,NA,TRUE,NA,NA,1,NA,1,2,2,1
VanBe_Jng_KenA,2012,NA,35,NA,NA,NA,NA,NA,NA,0.55,0.31,0.39,0.26,NA,TRUE,NA,NA,2,NA,1,3,2,1
VanBe_Jng_KenA,2012,NA,33,NA,NA,NA,NA,NA,NA,0.47,0.33,0.51,0.27,NA,TRUE,NA,NA,1,NA,1,2,2,1
VanBe_Jng_KenA,2012,NA,33,NA,NA,NA,NA,NA,NA,0.47,0.33,0.49,0.32,NA,TRUE,NA,NA,2,NA,1,3,2,1
VanBe_Jng_KenA,2012,NA,34,NA,NA,NA,NA,NA,NA,0.53,0.32,0.64,0.41,NA,TRUE,NA,NA,1,TRUE,1,2,2,1
VanBe_Jng_KenA,2012,NA,34,NA,NA,NA,NA,NA,NA,0.53,0.32,0.6,0.39,NA,TRUE,NA,NA,2,TRUE,1,3,2,1
VanBe_Jng_KenA,2012,NA,34,NA,NA,NA,NA,NA,NA,0.55,0.31,0.49,0.33,NA,TRUE,NA,NA,1,NA,2,2,0,2
VanBe_Jng_KenA,2012,NA,34,NA,NA,NA,NA,NA,NA,0.55,0.31,0.39,0.26,NA,TRUE,NA,NA,2,NA,2,3,0,2
VanBe_Jng_KenA,2012,NA,31,NA,NA,NA,NA,NA,NA,0.47,0.33,0.51,0.27,NA,TRUE,NA,NA,1,NA,2,2,0,2
VanBe_Jng_KenA,2012,NA,31,NA,NA,NA,NA,NA,NA,0.47,0.33,0.49,0.32,NA,TRUE,NA,NA,2,NA,2,3,0,2
VanBe_Jng_KenA,2012,NA,33,NA,NA,NA,NA,NA,NA,0.52,0.36,0.69,0.44,NA,TRUE,NA,NA,1,TRUE,2,2,0,2
VanBe_Jng_KenA,2012,NA,33,NA,NA,NA,NA,NA,NA,0.52,0.36,0.72,0.46,NA,TRUE,NA,NA,2,TRUE,2,3,0,2
NA,NA,NA,NA,NA,NA,NA,NA,NA,NA,NA,NA,NA,NA,NA,NA,NA,NA,NA,NA,NA,NA,NA,NA
VanBe_Jng_KenB,2012,NA,32,NA,NA,NA,NA,NA,NA,0.43,0.27,0.32,0.22,NA,TRUE,NA,NA,1,NA,1,2,2,1
VanBe_Jng_KenB,2012,NA,32,NA,NA,NA,NA,NA,NA,0.43,0.27,0.39,0.34,NA,TRUE,NA,NA,2,NA,1,3,2,1
VanBe_Jng_KenB,2012,NA,29,NA,NA,NA,NA,NA,NA,0.3,0.24,0.36,0.27,NA,TRUE,NA,NA,1,NA,1,2,2,1
VanBe_Jng_KenB,2012,NA,29,NA,NA,NA,NA,NA,NA,0.3,0.24,0.37,0.22,NA,TRUE,NA,NA,2,NA,1,3,2,1
VanBe_Jng_KenB,2012,NA,37,NA,NA,NA,NA,NA,NA,0.37,0.25,0.42,0.3,NA,TRUE,NA,NA,1,TRUE,1,2,2,1
VanBe_Jng_KenB,2012,NA,37,NA,NA,NA,NA,NA,NA,0.37,0.25,0.46,0.33,NA,TRUE,NA,NA,2,TRUE,1,3,2,1
VanBe_Jng_KenB,2012,NA,32,NA,NA,NA,NA,NA,NA,0.43,0.27,0.32,0.22,NA,TRUE,NA,NA,1,NA,2,2,0,2
VanBe_Jng_KenB,2012,NA,32,NA,NA,NA,NA,NA,NA,0.43,0.27,0.39,0.34,NA,TRUE,NA,NA,2,NA,2,3,0,2
VanBe_Jng_KenB,2012,NA,29,NA,NA,NA,NA,NA,NA,0.3,0.24,0.36,0.27,NA,TRUE,NA,NA,1,NA,2,2,0,2
VanBe_Jng_KenB,2012,NA,29,NA,NA,NA,NA,NA,NA,0.3,0.24,0.37,0.22,NA,TRUE,NA,NA,2,NA,2,3,0,2
VanBe_Jng_KenB,2012,NA,36,NA,NA,NA,NA,NA,NA,0.37,0.27,0.44,0.23,NA,TRUE,NA,NA,1,TRUE,2,2,0,2
VanBe_Jng_KenB,2012,NA,36,NA,NA,NA,NA,NA,NA,0.37,0.27,0.45,0.23,NA,TRUE,NA,NA,2,TRUE,2,3,0,2
NA,NA,NA,NA,NA,NA,NA,NA,NA,NA,NA,NA,NA,NA,NA,NA,NA,NA,NA,NA,NA,NA,NA,NA
Wagner,2016,NA,21,NA,NA,NA,NA,NA,NA,2.1,2.6,1.2,1.6,NA,TRUE,NA,NA,1,NA,1,3,1,1
Wagner,2016,NA,19,NA,NA,NA,NA,NA,NA,2,2.9,2,2.7,NA,TRUE,NA,NA,1,TRUE,1,3,1,1
NA,NA,NA,NA,NA,NA,NA,NA,NA,NA,NA,NA,NA,NA,NA,NA,NA,NA,NA,NA,NA,NA,NA,NA
Wang,2017,NA,35,NA,NA,NA,NA,NA,NA,16.5,10.98,6.1,5.91,NA,TRUE,NA,NA,1,NA,1,3,1,1
Wang,2017,NA,35,NA,NA,NA,NA,NA,NA,18.2,14.08,6.5,7.84,NA,TRUE,NA,NA,1,NA,1,3,1,1
Wang,2017,NA,35,NA,NA,NA,NA,NA,NA,11,13.45,5.6,10.76,NA,TRUE,NA,NA,1,TRUE,1,3,1,1
NA,NA,NA,NA,NA,NA,NA,NA,NA,NA,NA,NA,NA,NA,NA,NA,NA,NA,NA,NA,NA,NA,NA,NA
Yu_Cheng,2017,NA,31,NA,NA,NA,NA,NA,NA,76.03,14.16,76.45,15.52,NA,NA,NA,NA,1,NA,1,1,1,1
Yu_Cheng,2017,NA,31,NA,NA,NA,NA,NA,NA,76.03,14.16,82,11.28,NA,NA,NA,NA,2,NA,1,2,1,1
Yu_Cheng,2017,NA,29,NA,NA,NA,NA,NA,NA,84.24,11.4,78.31,11.24,NA,NA,NA,NA,1,TRUE,1,1,1,1
Yu_Cheng,2017,NA,29,NA,NA,NA,NA,NA,NA,84.24,11.4,85.34,9.72,NA,NA,NA,NA,2,TRUE,1,2,1,1
NA,NA,NA,NA,NA,NA,NA,NA,NA,NA,NA,NA,NA,NA,NA,NA,NA,NA,NA,NA,NA,NA,NA,NA
Zhang,2017,NA,30,NA,NA,NA,NA,NA,NA,5.17,1.577,6.97,1.402,NA,TRUE,NA,NA,1,NA,1,2,0,1
Zhang,2017,NA,30,NA,NA,NA,NA,NA,NA,5.17,1.577,6.73,1.081,NA,TRUE,NA,NA,2,NA,1,3,0,1
Zhang,2017,NA,30,NA,NA,NA,NA,NA,NA,5.07,1.552,5.73,1.388,NA,TRUE,NA,NA,1,TRUE,1,2,0,1
Zhang,2017,NA,30,NA,NA,NA,NA,NA,NA,5.07,1.552,5.67,1.155,NA,TRUE,NA,NA,2,TRUE,1,3,0,1
